{"persistentMobs":{"c84815d8-345a-4a2a-90d2-79d5a00186a6":{"uuid":"c84815d8-345a-4a2a-90d2-79d5a00186a6","mobType":"RohanHorse","aliveTime":656,"lastSeen":1682808112792,"spawnLocation":null,"variables":{"entries":{}},"displayName":null,"level":1.0,"globalCooldown":0,"stance":null,"lastSignal":"","playerKills":0,"owner":{"value":null},"spawnerName":null,"faction":{"value":null},"cooldowns":{},"trackedLocation":null,"changingTarget":false},"74f5b347-2ad0-429c-81fe-c0ce0c4e16c1":{"uuid":"74f5b347-2ad0-429c-81fe-c0ce0c4e16c1","mobType":"RohanHorse","aliveTime":2097,"lastSeen":1682808112506,"spawnLocation":null,"variables":{"entries":{}},"displayName":null,"level":1.0,"globalCooldown":0,"stance":null,"lastSignal":"","playerKills":0,"owner":{"value":null},"spawnerName":null,"faction":{"value":null},"cooldowns":{},"trackedLocation":null,"changingTarget":false},"50e527f6-36ca-40ec-9b78-ca920aed44f7":{"uuid":"50e527f6-36ca-40ec-9b78-ca920aed44f7","mobType":"RohanHorse","aliveTime":1593,"lastSeen":1682808112764,"spawnLocation":null,"variables":{"entries":{}},"displayName":null,"level":1.0,"globalCooldown":0,"stance":null,"lastSignal":"","playerKills":0,"owner":{"value":null},"spawnerName":null,"faction":{"value":null},"cooldowns":{},"trackedLocation":null,"changingTarget":false},"3fb41c85-43bd-4287-ae00-e567c408082f":{"uuid":"3fb41c85-43bd-4287-ae00-e567c408082f","mobType":"RohanHorse","aliveTime":17651,"lastSeen":1682809077023,"spawnLocation":null,"variables":{"entries":{}},"displayName":null,"level":1.0,"globalCooldown":0,"stance":null,"lastSignal":"","playerKills":0,"owner":{"value":null},"spawnerName":null,"faction":{"value":null},"cooldowns":{},"trackedLocation":null,"changingTarget":false},"8e11e2e4-435e-480f-a771-b650a49bee4e":{"uuid":"8e11e2e4-435e-480f-a771-b650a49bee4e","mobType":"RohanHorse","aliveTime":339,"lastSeen":1682808112977,"spawnLocation":null,"variables":{"entries":{}},"displayName":null,"level":1.0,"globalCooldown":0,"stance":null,"lastSignal":"","playerKills":0,"owner":{"value":null},"spawnerName":null,"faction":{"value":null},"cooldowns":{},"trackedLocation":null,"changingTarget":false},"48961fcf-9d69-41f5-a1ff-46c3b27a6650":{"uuid":"48961fcf-9d69-41f5-a1ff-46c3b27a6650","mobType":"RohanHorse","aliveTime":339,"lastSeen":1682808112974,"spawnLocation":null,"variables":{"entries":{}},"displayName":null,"level":1.0,"globalCooldown":0,"stance":null,"lastSignal":"","playerKills":0,"owner":{"value":null},"spawnerName":null,"faction":{"value":null},"cooldowns":{},"trackedLocation":null,"changingTarget":false},"6a93b7c7-03c7-4a64-8a3e-d572aecd8d22":{"uuid":"6a93b7c7-03c7-4a64-8a3e-d572aecd8d22","mobType":"RohanHorse","aliveTime":656,"lastSeen":1682808112795,"spawnLocation":null,"variables":{"entries":{}},"displayName":null,"level":1.0,"globalCooldown":0,"stance":null,"lastSignal":"","playerKills":0,"owner":{"value":null},"spawnerName":null,"faction":{"value":null},"cooldowns":{},"trackedLocation":null,"changingTarget":false},"48f444ae-3d85-48b7-8d7e-3119abb0aaea":{"uuid":"48f444ae-3d85-48b7-8d7e-3119abb0aaea","mobType":"RohanHorse","aliveTime":3015,"lastSeen":1682808710622,"spawnLocation":null,"variables":{"entries":{}},"displayName":null,"level":1.0,"globalCooldown":0,"stance":null,"lastSignal":"","playerKills":0,"owner":{"value":null},"spawnerName":null,"faction":{"value":null},"cooldowns":{},"trackedLocation":null,"changingTarget":false},"4dada4df-ecc7-4c0d-9c86-aa635fc23945":{"uuid":"4dada4df-ecc7-4c0d-9c86-aa635fc23945","mobType":"RohanHorse","aliveTime":339,"lastSeen":1682808112970,"spawnLocation":null,"variables":{"entries":{}},"displayName":null,"level":1.0,"globalCooldown":0,"stance":null,"lastSignal":"","playerKills":0,"owner":{"value":null},"spawnerName":null,"faction":{"value":null},"cooldowns":{},"trackedLocation":null,"changingTarget":false},"b0afcbd3-7243-4ddd-b581-bc933c5779ba":{"uuid":"b0afcbd3-7243-4ddd-b581-bc933c5779ba","mobType":"RohanHorse","aliveTime":339,"lastSeen":1682808112979,"spawnLocation":null,"variables":{"entries":{}},"displayName":null,"level":1.0,"globalCooldown":0,"stance":null,"lastSignal":"","playerKills":0,"owner":{"value":null},"spawnerName":null,"faction":{"value":null},"cooldowns":{},"trackedLocation":null,"changingTarget":false},"b318ead7-e192-474a-ad13-0b46268d3d50":{"uuid":"b318ead7-e192-474a-ad13-0b46268d3d50","mobType":"RohanHorse","aliveTime":656,"lastSeen":1682808112788,"spawnLocation":null,"variables":{"entries":{}},"displayName":null,"level":1.0,"globalCooldown":0,"stance":null,"lastSignal":"","playerKills":0,"owner":{"value":null},"spawnerName":null,"faction":{"value":null},"cooldowns":{},"trackedLocation":null,"changingTarget":false},"664b18d6-4510-44b9-8f93-66b815937e6d":{"uuid":"664b18d6-4510-44b9-8f93-66b815937e6d","mobType":"RohanHorse","aliveTime":2105,"lastSeen":1682808112567,"spawnLocation":null,"variables":{"entries":{}},"displayName":null,"level":1.0,"globalCooldown":0,"stance":null,"lastSignal":"","playerKills":0,"owner":{"value":null},"spawnerName":null,"faction":{"value":null},"cooldowns":{},"trackedLocation":null,"changingTarget":false},"b6a59f61-6f84-4fd6-80c8-a6ab6c18c7c8":{"uuid":"b6a59f61-6f84-4fd6-80c8-a6ab6c18c7c8","mobType":"RohanHorse","aliveTime":1593,"lastSeen":1682808112749,"spawnLocation":null,"variables":{"entries":{}},"displayName":null,"level":1.0,"globalCooldown":0,"stance":null,"lastSignal":"","playerKills":0,"owner":{"value":null},"spawnerName":null,"faction":{"value":null},"cooldowns":{},"trackedLocation":null,"changingTarget":false},"ffa21f82-4f03-4a42-86e5-e430f7837650":{"uuid":"ffa21f82-4f03-4a42-86e5-e430f7837650","mobType":"RohanHorse","aliveTime":656,"lastSeen":1682808112782,"spawnLocation":null,"variables":{"entries":{}},"displayName":null,"level":1.0,"globalCooldown":0,"stance":null,"lastSignal":"","playerKills":0,"owner":{"value":null},"spawnerName":null,"faction":{"value":null},"cooldowns":{},"trackedLocation":null,"changingTarget":false},"1e33a9c0-5b25-4787-a847-da3568f0063a":{"uuid":"1e33a9c0-5b25-4787-a847-da3568f0063a","mobType":"RohanHorse","aliveTime":1593,"lastSeen":1682808112755,"spawnLocation":null,"variables":{"entries":{}},"displayName":null,"level":1.0,"globalCooldown":0,"stance":null,"lastSignal":"","playerKills":0,"owner":{"value":null},"spawnerName":null,"faction":{"value":null},"cooldowns":{},"trackedLocation":null,"changingTarget":false},"d60b4ef3-bf49-4e61-b814-ea81c280d7ef":{"uuid":"d60b4ef3-bf49-4e61-b814-ea81c280d7ef","mobType":"RohanHorse","aliveTime":1601,"lastSeen":1682808112772,"spawnLocation":null,"variables":{"entries":{}},"displayName":null,"level":1.0,"globalCooldown":0,"stance":null,"lastSignal":"","playerKills":0,"owner":{"value":null},"spawnerName":null,"faction":{"value":null},"cooldowns":{},"trackedLocation":null,"changingTarget":false},"96b6b08c-4055-433f-afa9-4f84109da74a":{"uuid":"96b6b08c-4055-433f-afa9-4f84109da74a","mobType":"RohanHorse","aliveTime":290,"lastSeen":1682808113146,"spawnLocation":null,"variables":{"entries":{}},"displayName":null,"level":1.0,"globalCooldown":0,"stance":null,"lastSignal":"","playerKills":0,"owner":{"value":null},"spawnerName":null,"faction":{"value":null},"cooldowns":{},"trackedLocation":null,"changingTarget":false},"03a1fc39-d1a2-41cc-9716-ed9113b730ad":{"uuid":"03a1fc39-d1a2-41cc-9716-ed9113b730ad","mobType":"RohanHorse","aliveTime":1601,"lastSeen":1682808112777,"spawnLocation":null,"variables":{"entries":{}},"displayName":null,"level":1.0,"globalCooldown":0,"stance":null,"lastSignal":"","playerKills":0,"owner":{"value":null},"spawnerName":null,"faction":{"value":null},"cooldowns":{},"trackedLocation":null,"changingTarget":false},"0083ff7d-0849-49a0-b215-282a13848781":{"uuid":"0083ff7d-0849-49a0-b215-282a13848781","mobType":"RohanRider","aliveTime":3014,"lastSeen":1682808710635,"spawnLocation":null,"variables":{"entries":{}},"displayName":null,"level":1.0,"globalCooldown":0,"stance":null,"lastSignal":"","playerKills":0,"owner":{"value":null},"spawnerName":null,"faction":{"value":null},"cooldowns":{},"trackedLocation":null,"changingTarget":false},"90e59ad6-9a75-4096-93e3-b633b57dd94d":{"uuid":"90e59ad6-9a75-4096-93e3-b633b57dd94d","mobType":"Saruman2","aliveTime":566,"lastSeen":1682895709754,"spawnLocation":{"world":{"uuid":"eacb2abf-e0b5-471b-aed3-42f9d4695644","name":"world"},"x":655.4636864735523,"y":63.0,"z":520.3000000119209,"yaw":181.93887,"pitch":30.0},"variables":{"entries":{}},"displayName":null,"level":1.0,"globalCooldown":0,"stance":"default","lastSignal":"","playerKills":0,"owner":{"value":"9e817d24-321e-48e2-a80a-09b3d3a1ffed"},"spawnerName":null,"faction":{"value":"LOTREVIL"},"cooldowns":{},"trackedLocation":null,"changingTarget":false},"4a246fca-46d4-42d9-988b-a0fea48cba68":{"uuid":"4a246fca-46d4-42d9-988b-a0fea48cba68","mobType":"RohanHorse","aliveTime":655,"lastSeen":1682808112887,"spawnLocation":null,"variables":{"entries":{}},"displayName":null,"level":1.0,"globalCooldown":0,"stance":null,"lastSignal":"","playerKills":0,"owner":{"value":null},"spawnerName":null,"faction":{"value":null},"cooldowns":{},"trackedLocation":null,"changingTarget":false},"0e443ebc-91ac-4a37-863f-a27a44f347e1":{"uuid":"0e443ebc-91ac-4a37-863f-a27a44f347e1","mobType":"RohanHorse","aliveTime":1588,"lastSeen":1682808112671,"spawnLocation":null,"variables":{"entries":{}},"displayName":null,"level":1.0,"globalCooldown":0,"stance":null,"lastSignal":"","playerKills":0,"owner":{"value":null},"spawnerName":null,"faction":{"value":null},"cooldowns":{},"trackedLocation":null,"changingTarget":false},"4c320d84-81be-4db2-92f7-278c35f31f46":{"uuid":"4c320d84-81be-4db2-92f7-278c35f31f46","mobType":"RohanHorse","aliveTime":1593,"lastSeen":1682808112760,"spawnLocation":null,"variables":{"entries":{}},"displayName":null,"level":1.0,"globalCooldown":0,"stance":null,"lastSignal":"","playerKills":0,"owner":{"value":null},"spawnerName":null,"faction":{"value":null},"cooldowns":{},"trackedLocation":null,"changingTarget":false},"96200c78-2cee-4958-9f7c-7fac57d8afd2":{"uuid":"96200c78-2cee-4958-9f7c-7fac57d8afd2","mobType":"RohanHorse","aliveTime":336,"lastSeen":1682808113149,"spawnLocation":null,"variables":{"entries":{}},"displayName":null,"level":1.0,"globalCooldown":0,"stance":null,"lastSignal":"","playerKills":0,"owner":{"value":null},"spawnerName":null,"faction":{"value":null},"cooldowns":{},"trackedLocation":null,"changingTarget":false},"8e59192d-55b7-4f9a-b11f-01186daa97c1":{"uuid":"8e59192d-55b7-4f9a-b11f-01186daa97c1","mobType":"RohanHorse","aliveTime":1553,"lastSeen":1682808112768,"spawnLocation":null,"variables":{"entries":{}},"displayName":null,"level":1.0,"globalCooldown":0,"stance":null,"lastSignal":"","playerKills":0,"owner":{"value":null},"spawnerName":null,"faction":{"value":null},"cooldowns":{},"trackedLocation":null,"changingTarget":false},"bfef941f-fedc-4bff-a983-501c3625ba53":{"uuid":"bfef941f-fedc-4bff-a983-501c3625ba53","mobType":"RohanHorse","aliveTime":1639,"lastSeen":1682808112660,"spawnLocation":null,"variables":{"entries":{}},"displayName":null,"level":1.0,"globalCooldown":0,"stance":null,"lastSignal":"","playerKills":0,"owner":{"value":null},"spawnerName":null,"faction":{"value":null},"cooldowns":{},"trackedLocation":null,"changingTarget":false},"f3c22b1c-b9b0-4d0c-8542-54a154e5279e":{"uuid":"f3c22b1c-b9b0-4d0c-8542-54a154e5279e","mobType":"RohanHorse","aliveTime":1588,"lastSeen":1682808112678,"spawnLocation":null,"variables":{"entries":{}},"displayName":null,"level":1.0,"globalCooldown":0,"stance":null,"lastSignal":"","playerKills":0,"owner":{"value":null},"spawnerName":null,"faction":{"value":null},"cooldowns":{},"trackedLocation":null,"changingTarget":false},"3c038139-d368-44bd-9137-22603ad48791":{"uuid":"3c038139-d368-44bd-9137-22603ad48791","mobType":"RohanHorse","aliveTime":1588,"lastSeen":1682808112664,"spawnLocation":null,"variables":{"entries":{}},"displayName":null,"level":1.0,"globalCooldown":0,"stance":null,"lastSignal":"","playerKills":0,"owner":{"value":null},"spawnerName":null,"faction":{"value":null},"cooldowns":{},"trackedLocation":null,"changingTarget":false}}}