{"persistentMobs":{"c84815d8-345a-4a2a-90d2-79d5a00186a6":{"uuid":"c84815d8-345a-4a2a-90d2-79d5a00186a6","mobType":"RohanHorse","aliveTime":11611,"lastSeen":1681664772864,"spawnLocation":{"world":{"uuid":"eacb2abf-e0b5-471b-aed3-42f9d4695644","name":"world"},"x":460.28413335680983,"y":71.0,"z":643.1390444907748,"yaw":88.56903,"pitch":14.686924},"variables":{"entries":{}},"displayName":null,"level":1.0,"globalCooldown":0,"stance":"default","lastSignal":"","playerKills":0,"owner":{"value":"816efb7f-de34-4eda-bf18-bd863e57f581"},"spawnerName":null,"faction":{"value":null},"cooldowns":{},"trackedLocation":null,"changingTarget":false},"b9a5f0f7-7415-4fd2-a9b2-89a80cf781b9":{"uuid":"b9a5f0f7-7415-4fd2-a9b2-89a80cf781b9","mobType":"GondorKnight","aliveTime":1122,"lastSeen":1681608047531,"spawnLocation":{"world":{"uuid":"eacb2abf-e0b5-471b-aed3-42f9d4695644","name":"world"},"x":621.2822170119325,"y":65.23301406106334,"z":841.3938300981475,"yaw":24.316406,"pitch":18.575993},"variables":{"entries":{}},"displayName":null,"level":1.0,"globalCooldown":0,"stance":"default","lastSignal":"","playerKills":0,"owner":{"value":null},"spawnerName":null,"faction":{"value":null},"cooldowns":{},"trackedLocation":null,"changingTarget":false},"74f5b347-2ad0-429c-81fe-c0ce0c4e16c1":{"uuid":"74f5b347-2ad0-429c-81fe-c0ce0c4e16c1","mobType":"RohanHorse","aliveTime":12267,"lastSeen":1681859443033,"spawnLocation":{"world":{"uuid":"eacb2abf-e0b5-471b-aed3-42f9d4695644","name":"world"},"x":460.28413335680983,"y":71.0,"z":643.1390444907748,"yaw":88.56903,"pitch":14.686924},"variables":{"entries":{}},"displayName":null,"level":1.0,"globalCooldown":0,"stance":"default","lastSignal":"","playerKills":0,"owner":{"value":"e042246e-bea7-4209-896a-f961ba862bc1"},"spawnerName":null,"faction":{"value":null},"cooldowns":{},"trackedLocation":null,"changingTarget":false},"50e527f6-36ca-40ec-9b78-ca920aed44f7":{"uuid":"50e527f6-36ca-40ec-9b78-ca920aed44f7","mobType":"RohanHorse","aliveTime":300,"lastSeen":1681664770058,"spawnLocation":null,"variables":{"entries":{}},"displayName":null,"level":1.0,"globalCooldown":0,"stance":null,"lastSignal":"","playerKills":0,"owner":{"value":null},"spawnerName":null,"faction":{"value":null},"cooldowns":{},"trackedLocation":null,"changingTarget":false},"3fb41c85-43bd-4287-ae00-e567c408082f":{"uuid":"3fb41c85-43bd-4287-ae00-e567c408082f","mobType":"RohanHorse","aliveTime":17268,"lastSeen":1681859438641,"spawnLocation":{"world":{"uuid":"eacb2abf-e0b5-471b-aed3-42f9d4695644","name":"world"},"x":475.97387753214025,"y":72.0,"z":593.4505306680688,"yaw":-99.63132,"pitch":15.907461},"variables":{"entries":{}},"displayName":null,"level":1.0,"globalCooldown":0,"stance":"default","lastSignal":"","playerKills":0,"owner":{"value":"853fd744-bb06-4d6a-ad53-22c620c962fa"},"spawnerName":null,"faction":{"value":null},"cooldowns":{},"trackedLocation":null,"changingTarget":false},"8e11e2e4-435e-480f-a771-b650a49bee4e":{"uuid":"8e11e2e4-435e-480f-a771-b650a49bee4e","mobType":"RohanHorse","aliveTime":11362,"lastSeen":1681608041690,"spawnLocation":{"world":{"uuid":"eacb2abf-e0b5-471b-aed3-42f9d4695644","name":"world"},"x":460.28413335680983,"y":71.0,"z":643.1390444907748,"yaw":88.56903,"pitch":14.686924},"variables":{"entries":{}},"displayName":null,"level":1.0,"globalCooldown":0,"stance":"default","lastSignal":"","playerKills":0,"owner":{"value":"2035a1af-a7bf-4f84-8e23-923d93277621"},"spawnerName":null,"faction":{"value":null},"cooldowns":{},"trackedLocation":null,"changingTarget":false},"48961fcf-9d69-41f5-a1ff-46c3b27a6650":{"uuid":"48961fcf-9d69-41f5-a1ff-46c3b27a6650","mobType":"RohanHorse","aliveTime":11362,"lastSeen":1681608041659,"spawnLocation":{"world":{"uuid":"eacb2abf-e0b5-471b-aed3-42f9d4695644","name":"world"},"x":460.28413335680983,"y":71.0,"z":643.1390444907748,"yaw":88.56903,"pitch":14.686924},"variables":{"entries":{}},"displayName":null,"level":1.0,"globalCooldown":0,"stance":"default","lastSignal":"","playerKills":0,"owner":{"value":"01efefec-8895-4ef4-b8b3-783a1bccd9db"},"spawnerName":null,"faction":{"value":null},"cooldowns":{},"trackedLocation":null,"changingTarget":false},"6a93b7c7-03c7-4a64-8a3e-d572aecd8d22":{"uuid":"6a93b7c7-03c7-4a64-8a3e-d572aecd8d22","mobType":"RohanHorse","aliveTime":11421,"lastSeen":1681664772869,"spawnLocation":{"world":{"uuid":"eacb2abf-e0b5-471b-aed3-42f9d4695644","name":"world"},"x":460.28413335680983,"y":71.0,"z":643.1390444907748,"yaw":88.56903,"pitch":14.686924},"variables":{"entries":{}},"displayName":null,"level":1.0,"globalCooldown":0,"stance":"default","lastSignal":"","playerKills":0,"owner":{"value":"693d6b5e-b612-4379-ab0a-5662c79ec6f9"},"spawnerName":null,"faction":{"value":null},"cooldowns":{},"trackedLocation":null,"changingTarget":false},"48f444ae-3d85-48b7-8d7e-3119abb0aaea":{"uuid":"48f444ae-3d85-48b7-8d7e-3119abb0aaea","mobType":"RohanHorse","aliveTime":16771,"lastSeen":1681859438602,"spawnLocation":{"world":{"uuid":"eacb2abf-e0b5-471b-aed3-42f9d4695644","name":"world"},"x":475.97387753214025,"y":72.0,"z":593.4505306680688,"yaw":-99.63132,"pitch":15.907461},"variables":{"entries":{}},"displayName":null,"level":1.0,"globalCooldown":0,"stance":"default","lastSignal":"","playerKills":0,"owner":{"value":"0083ff7d-0849-49a0-b215-282a13848781"},"spawnerName":null,"faction":{"value":null},"cooldowns":{},"trackedLocation":null,"changingTarget":false},"71b6e85f-f04d-482f-ba7f-87c61e4fa5a3":{"uuid":"71b6e85f-f04d-482f-ba7f-87c61e4fa5a3","mobType":"RohanHorse","aliveTime":14168,"lastSeen":1681770819523,"spawnLocation":{"world":{"uuid":"eacb2abf-e0b5-471b-aed3-42f9d4695644","name":"world"},"x":475.97387753214025,"y":72.0,"z":593.4505306680688,"yaw":-99.63132,"pitch":15.907461},"variables":{"entries":{}},"displayName":null,"level":1.0,"globalCooldown":0,"stance":"default","lastSignal":"","playerKills":0,"owner":{"value":"fc20a927-d6c2-40b8-bdb2-7ce4ed485044"},"spawnerName":null,"faction":{"value":null},"cooldowns":{},"trackedLocation":null,"changingTarget":false},"b318ead7-e192-474a-ad13-0b46268d3d50":{"uuid":"b318ead7-e192-474a-ad13-0b46268d3d50","mobType":"RohanHorse","aliveTime":11611,"lastSeen":1681664772858,"spawnLocation":{"world":{"uuid":"eacb2abf-e0b5-471b-aed3-42f9d4695644","name":"world"},"x":460.28413335680983,"y":71.0,"z":643.1390444907748,"yaw":88.56903,"pitch":14.686924},"variables":{"entries":{}},"displayName":null,"level":1.0,"globalCooldown":0,"stance":"default","lastSignal":"","playerKills":0,"owner":{"value":"2ceed42c-2b5f-436a-aef2-7b6f546461d7"},"spawnerName":null,"faction":{"value":null},"cooldowns":{},"trackedLocation":null,"changingTarget":false},"7cefc2cf-a4ad-444a-97f5-ca7b42326dda":{"uuid":"7cefc2cf-a4ad-444a-97f5-ca7b42326dda","mobType":"RohanRider","aliveTime":17635,"lastSeen":1681859438628,"spawnLocation":{"world":{"uuid":"eacb2abf-e0b5-471b-aed3-42f9d4695644","name":"world"},"x":475.97387753214025,"y":72.0,"z":593.4505306680688,"yaw":-99.63132,"pitch":15.907461},"variables":{"entries":{}},"displayName":null,"level":1.0,"globalCooldown":0,"stance":"default","lastSignal":"","playerKills":0,"owner":{"value":null},"spawnerName":null,"faction":{"value":null},"cooldowns":{},"trackedLocation":null,"changingTarget":false},"664b18d6-4510-44b9-8f93-66b815937e6d":{"uuid":"664b18d6-4510-44b9-8f93-66b815937e6d","mobType":"RohanHorse","aliveTime":12838,"lastSeen":1681859443037,"spawnLocation":{"world":{"uuid":"eacb2abf-e0b5-471b-aed3-42f9d4695644","name":"world"},"x":460.28413335680983,"y":71.0,"z":643.1390444907748,"yaw":88.56903,"pitch":14.686924},"variables":{"entries":{}},"displayName":null,"level":1.0,"globalCooldown":0,"stance":"default","lastSignal":"","playerKills":0,"owner":{"value":"90c39ed6-ace3-4283-8be6-f48da28a5195"},"spawnerName":null,"faction":{"value":null},"cooldowns":{},"trackedLocation":null,"changingTarget":false},"ff80dcc5-081f-4817-bc72-f9b7f333069e":{"uuid":"ff80dcc5-081f-4817-bc72-f9b7f333069e","mobType":"RohanHorse","aliveTime":2852,"lastSeen":1681859438623,"spawnLocation":null,"variables":{"entries":{}},"displayName":null,"level":1.0,"globalCooldown":0,"stance":null,"lastSignal":"","playerKills":0,"owner":{"value":null},"spawnerName":null,"faction":{"value":null},"cooldowns":{},"trackedLocation":null,"changingTarget":false},"b6a59f61-6f84-4fd6-80c8-a6ab6c18c7c8":{"uuid":"b6a59f61-6f84-4fd6-80c8-a6ab6c18c7c8","mobType":"RohanHorse","aliveTime":300,"lastSeen":1681664770046,"spawnLocation":null,"variables":{"entries":{}},"displayName":null,"level":1.0,"globalCooldown":0,"stance":null,"lastSignal":"","playerKills":0,"owner":{"value":null},"spawnerName":null,"faction":{"value":null},"cooldowns":{},"trackedLocation":null,"changingTarget":false},"6d501b74-7d4e-4171-8faf-2a9a60a480ad":{"uuid":"6d501b74-7d4e-4171-8faf-2a9a60a480ad","mobType":"UrukHai","aliveTime":297,"lastSeen":1681664766904,"spawnLocation":null,"variables":{"entries":{}},"displayName":null,"level":1.0,"globalCooldown":0,"stance":null,"lastSignal":"","playerKills":0,"owner":{"value":null},"spawnerName":null,"faction":{"value":null},"cooldowns":{},"trackedLocation":null,"changingTarget":false},"ffa21f82-4f03-4a42-86e5-e430f7837650":{"uuid":"ffa21f82-4f03-4a42-86e5-e430f7837650","mobType":"RohanHorse","aliveTime":11603,"lastSeen":1681664772881,"spawnLocation":{"world":{"uuid":"eacb2abf-e0b5-471b-aed3-42f9d4695644","name":"world"},"x":460.28413335680983,"y":71.0,"z":643.1390444907748,"yaw":88.56903,"pitch":14.686924},"variables":{"entries":{}},"displayName":null,"level":1.0,"globalCooldown":0,"stance":"default","lastSignal":"","playerKills":0,"owner":{"value":"0682fcdf-38fd-4585-b004-e54a1c00a5a7"},"spawnerName":null,"faction":{"value":null},"cooldowns":{},"trackedLocation":null,"changingTarget":false},"fc20a927-d6c2-40b8-bdb2-7ce4ed485044":{"uuid":"fc20a927-d6c2-40b8-bdb2-7ce4ed485044","mobType":"RohanRider","aliveTime":707,"lastSeen":1681770819539,"spawnLocation":null,"variables":{"entries":{}},"displayName":null,"level":1.0,"globalCooldown":0,"stance":null,"lastSignal":"","playerKills":0,"owner":{"value":null},"spawnerName":null,"faction":{"value":null},"cooldowns":{},"trackedLocation":null,"changingTarget":false},"1e33a9c0-5b25-4787-a847-da3568f0063a":{"uuid":"1e33a9c0-5b25-4787-a847-da3568f0063a","mobType":"RohanHorse","aliveTime":11493,"lastSeen":1681664770050,"spawnLocation":{"world":{"uuid":"eacb2abf-e0b5-471b-aed3-42f9d4695644","name":"world"},"x":460.28413335680983,"y":71.0,"z":643.1390444907748,"yaw":88.56903,"pitch":14.686924},"variables":{"entries":{}},"displayName":null,"level":1.0,"globalCooldown":0,"stance":"default","lastSignal":"","playerKills":0,"owner":{"value":"8450fec8-f231-48a3-8be7-42c699a9f7a7"},"spawnerName":null,"faction":{"value":null},"cooldowns":{},"trackedLocation":null,"changingTarget":false},"d60b4ef3-bf49-4e61-b814-ea81c280d7ef":{"uuid":"d60b4ef3-bf49-4e61-b814-ea81c280d7ef","mobType":"RohanHorse","aliveTime":300,"lastSeen":1681664770038,"spawnLocation":null,"variables":{"entries":{}},"displayName":null,"level":1.0,"globalCooldown":0,"stance":null,"lastSignal":"","playerKills":0,"owner":{"value":null},"spawnerName":null,"faction":{"value":null},"cooldowns":{},"trackedLocation":null,"changingTarget":false},"96b6b08c-4055-433f-afa9-4f84109da74a":{"uuid":"96b6b08c-4055-433f-afa9-4f84109da74a","mobType":"RohanHorse","aliveTime":11337,"lastSeen":1681608042849,"spawnLocation":{"world":{"uuid":"eacb2abf-e0b5-471b-aed3-42f9d4695644","name":"world"},"x":460.28413335680983,"y":71.0,"z":643.1390444907748,"yaw":88.56903,"pitch":14.686924},"variables":{"entries":{}},"displayName":null,"level":1.0,"globalCooldown":0,"stance":"default","lastSignal":"","playerKills":0,"owner":{"value":"19839738-7438-44f3-87b6-a5fa26bc2074"},"spawnerName":null,"faction":{"value":null},"cooldowns":{},"trackedLocation":null,"changingTarget":false},"4cd85635-7cda-4d77-ae44-2de93442b504":{"uuid":"4cd85635-7cda-4d77-ae44-2de93442b504","mobType":"Sauron","aliveTime":5334,"lastSeen":1681263738639,"spawnLocation":{"world":{"uuid":"eacb2abf-e0b5-471b-aed3-42f9d4695644","name":"world"},"x":511.0125633187017,"y":87.0,"z":468.2473893233681,"yaw":-166.83936,"pitch":38.469936},"variables":{"entries":{}},"displayName":null,"level":1.0,"globalCooldown":0,"stance":"default","lastSignal":"","playerKills":0,"owner":{"value":null},"spawnerName":null,"faction":{"value":null},"cooldowns":{},"trackedLocation":null,"changingTarget":false},"03a1fc39-d1a2-41cc-9716-ed9113b730ad":{"uuid":"03a1fc39-d1a2-41cc-9716-ed9113b730ad","mobType":"RohanHorse","aliveTime":11493,"lastSeen":1681664770043,"spawnLocation":{"world":{"uuid":"eacb2abf-e0b5-471b-aed3-42f9d4695644","name":"world"},"x":460.28413335680983,"y":71.0,"z":643.1390444907748,"yaw":88.56903,"pitch":14.686924},"variables":{"entries":{}},"displayName":null,"level":1.0,"globalCooldown":0,"stance":"default","lastSignal":"","playerKills":0,"owner":{"value":"1555cf95-0865-4597-950d-4bae677dab71"},"spawnerName":null,"faction":{"value":null},"cooldowns":{},"trackedLocation":null,"changingTarget":false},"0083ff7d-0849-49a0-b215-282a13848781":{"uuid":"0083ff7d-0849-49a0-b215-282a13848781","mobType":"RohanRider","aliveTime":3035,"lastSeen":1681859438613,"spawnLocation":null,"variables":{"entries":{}},"displayName":null,"level":1.0,"globalCooldown":0,"stance":null,"lastSignal":"","playerKills":0,"owner":{"value":null},"spawnerName":null,"faction":{"value":null},"cooldowns":{},"trackedLocation":null,"changingTarget":false},"4ac75e5d-857d-4d56-8f63-bbf8b23d2778":{"uuid":"4ac75e5d-857d-4d56-8f63-bbf8b23d2778","mobType":"UrukHai","aliveTime":8246,"lastSeen":1681604407914,"spawnLocation":{"world":{"uuid":"eacb2abf-e0b5-471b-aed3-42f9d4695644","name":"world"},"x":665.6500000059605,"y":59.0,"z":642.5712252125386,"yaw":170.57956,"pitch":15.024574},"variables":{"entries":{}},"displayName":null,"level":1.0,"globalCooldown":0,"stance":"default","lastSignal":"","playerKills":0,"owner":{"value":"2d77b08d-38a1-45d6-a111-5035317611a5"},"spawnerName":null,"faction":{"value":null},"cooldowns":{},"trackedLocation":null,"changingTarget":false},"41668ecb-da22-4863-a18d-487b70752a00":{"uuid":"41668ecb-da22-4863-a18d-487b70752a00","mobType":"UrukHai","aliveTime":2792,"lastSeen":1681608047489,"spawnLocation":{"world":{"uuid":"eacb2abf-e0b5-471b-aed3-42f9d4695644","name":"world"},"x":603.1657677860477,"y":60.32935884170052,"z":846.3499999940395,"yaw":164.08862,"pitch":4.9792113},"variables":{"entries":{}},"displayName":null,"level":1.0,"globalCooldown":0,"stance":"default","lastSignal":"","playerKills":0,"owner":{"value":"0cefafb0-d6e7-4774-8779-d7d7066ae098"},"spawnerName":null,"faction":{"value":null},"cooldowns":{},"trackedLocation":null,"changingTarget":false},"4a246fca-46d4-42d9-988b-a0fea48cba68":{"uuid":"4a246fca-46d4-42d9-988b-a0fea48cba68","mobType":"RohanHorse","aliveTime":11621,"lastSeen":1681664772874,"spawnLocation":{"world":{"uuid":"eacb2abf-e0b5-471b-aed3-42f9d4695644","name":"world"},"x":460.28413335680983,"y":71.0,"z":643.1390444907748,"yaw":88.56903,"pitch":14.686924},"variables":{"entries":{}},"displayName":null,"level":1.0,"globalCooldown":0,"stance":"default","lastSignal":"","playerKills":0,"owner":{"value":"dd6cbe46-1b10-4f69-80d2-7ca2c3739ce8"},"spawnerName":null,"faction":{"value":null},"cooldowns":{},"trackedLocation":null,"changingTarget":false},"0e443ebc-91ac-4a37-863f-a27a44f347e1":{"uuid":"0e443ebc-91ac-4a37-863f-a27a44f347e1","mobType":"RohanHorse","aliveTime":300,"lastSeen":1681664770079,"spawnLocation":null,"variables":{"entries":{}},"displayName":null,"level":1.0,"globalCooldown":0,"stance":null,"lastSignal":"","playerKills":0,"owner":{"value":null},"spawnerName":null,"faction":{"value":null},"cooldowns":{},"trackedLocation":null,"changingTarget":false},"4c320d84-81be-4db2-92f7-278c35f31f46":{"uuid":"4c320d84-81be-4db2-92f7-278c35f31f46","mobType":"RohanHorse","aliveTime":11732,"lastSeen":1681664770056,"spawnLocation":{"world":{"uuid":"eacb2abf-e0b5-471b-aed3-42f9d4695644","name":"world"},"x":460.28413335680983,"y":71.0,"z":643.1390444907748,"yaw":88.56903,"pitch":14.686924},"variables":{"entries":{}},"displayName":null,"level":1.0,"globalCooldown":0,"stance":"default","lastSignal":"","playerKills":0,"owner":{"value":"f724506f-df84-422f-b142-bab280b578b6"},"spawnerName":null,"faction":{"value":null},"cooldowns":{},"trackedLocation":null,"changingTarget":false},"fc6a9483-0abd-4a23-9513-96033c344d27":{"uuid":"fc6a9483-0abd-4a23-9513-96033c344d27","mobType":"RohanRider","aliveTime":16560,"lastSeen":1681859438637,"spawnLocation":{"world":{"uuid":"eacb2abf-e0b5-471b-aed3-42f9d4695644","name":"world"},"x":475.97387753214025,"y":72.0,"z":593.4505306680688,"yaw":-99.63132,"pitch":15.907461},"variables":{"entries":{}},"displayName":null,"level":1.0,"globalCooldown":0,"stance":"default","lastSignal":"","playerKills":0,"owner":{"value":null},"spawnerName":null,"faction":{"value":null},"cooldowns":{},"trackedLocation":null,"changingTarget":false},"8e59192d-55b7-4f9a-b11f-01186daa97c1":{"uuid":"8e59192d-55b7-4f9a-b11f-01186daa97c1","mobType":"RohanHorse","aliveTime":11683,"lastSeen":1681664770034,"spawnLocation":{"world":{"uuid":"eacb2abf-e0b5-471b-aed3-42f9d4695644","name":"world"},"x":460.28413335680983,"y":71.0,"z":643.1390444907748,"yaw":88.56903,"pitch":14.686924},"variables":{"entries":{}},"displayName":null,"level":1.0,"globalCooldown":0,"stance":"default","lastSignal":"","playerKills":0,"owner":{"value":"cf9fd7db-58b4-4ff1-b02c-f3a362c60897"},"spawnerName":null,"faction":{"value":null},"cooldowns":{},"trackedLocation":null,"changingTarget":false},"8335de9a-f891-492d-a075-9e7555a0fecb":{"uuid":"8335de9a-f891-492d-a075-9e7555a0fecb","mobType":"RohanHorse","aliveTime":16559,"lastSeen":1681859438632,"spawnLocation":{"world":{"uuid":"eacb2abf-e0b5-471b-aed3-42f9d4695644","name":"world"},"x":475.97387753214025,"y":72.0,"z":593.4505306680688,"yaw":-99.63132,"pitch":15.907461},"variables":{"entries":{}},"displayName":null,"level":1.0,"globalCooldown":0,"stance":"default","lastSignal":"","playerKills":0,"owner":{"value":"fc6a9483-0abd-4a23-9513-96033c344d27"},"spawnerName":null,"faction":{"value":null},"cooldowns":{},"trackedLocation":null,"changingTarget":false},"10b82869-a299-439e-a134-a744666b2535":{"uuid":"10b82869-a299-439e-a134-a744666b2535","mobType":"UrukHai","aliveTime":2792,"lastSeen":1681608047589,"spawnLocation":{"world":{"uuid":"eacb2abf-e0b5-471b-aed3-42f9d4695644","name":"world"},"x":605.1657677860477,"y":60.32935884170052,"z":845.3499999940395,"yaw":164.08862,"pitch":4.9792113},"variables":{"entries":{}},"displayName":null,"level":1.0,"globalCooldown":0,"stance":"default","lastSignal":"","playerKills":0,"owner":{"value":"0cefafb0-d6e7-4774-8779-d7d7066ae098"},"spawnerName":null,"faction":{"value":null},"cooldowns":{},"trackedLocation":null,"changingTarget":false},"bfef941f-fedc-4bff-a983-501c3625ba53":{"uuid":"bfef941f-fedc-4bff-a983-501c3625ba53","mobType":"RohanHorse","aliveTime":11493,"lastSeen":1681664770062,"spawnLocation":{"world":{"uuid":"eacb2abf-e0b5-471b-aed3-42f9d4695644","name":"world"},"x":460.28413335680983,"y":71.0,"z":643.1390444907748,"yaw":88.56903,"pitch":14.686924},"variables":{"entries":{}},"displayName":null,"level":1.0,"globalCooldown":0,"stance":"default","lastSignal":"","playerKills":0,"owner":{"value":"c27b2f66-806c-40db-8bfa-763ea919899c"},"spawnerName":null,"faction":{"value":null},"cooldowns":{},"trackedLocation":null,"changingTarget":false},"2d77b08d-38a1-45d6-a111-5035317611a5":{"uuid":"2d77b08d-38a1-45d6-a111-5035317611a5","mobType":"Sauron","aliveTime":9430,"lastSeen":1681257007979,"spawnLocation":{"world":{"uuid":"eacb2abf-e0b5-471b-aed3-42f9d4695644","name":"world"},"x":518.8496453865504,"y":87.0,"z":474.5167826444209,"yaw":140.3673,"pitch":12.517979},"variables":{"entries":{}},"displayName":null,"level":1.0,"globalCooldown":0,"stance":"default","lastSignal":"","playerKills":0,"owner":{"value":null},"spawnerName":null,"faction":{"value":null},"cooldowns":{},"trackedLocation":null,"changingTarget":false},"f3c22b1c-b9b0-4d0c-8542-54a154e5279e":{"uuid":"f3c22b1c-b9b0-4d0c-8542-54a154e5279e","mobType":"RohanHorse","aliveTime":300,"lastSeen":1681664770091,"spawnLocation":null,"variables":{"entries":{}},"displayName":null,"level":1.0,"globalCooldown":0,"stance":null,"lastSignal":"","playerKills":0,"owner":{"value":null},"spawnerName":null,"faction":{"value":null},"cooldowns":{},"trackedLocation":null,"changingTarget":false},"3c038139-d368-44bd-9137-22603ad48791":{"uuid":"3c038139-d368-44bd-9137-22603ad48791","mobType":"RohanHorse","aliveTime":11675,"lastSeen":1681664770076,"spawnLocation":{"world":{"uuid":"eacb2abf-e0b5-471b-aed3-42f9d4695644","name":"world"},"x":460.28413335680983,"y":71.0,"z":643.1390444907748,"yaw":88.56903,"pitch":14.686924},"variables":{"entries":{}},"displayName":null,"level":1.0,"globalCooldown":0,"stance":"default","lastSignal":"","playerKills":0,"owner":{"value":"e7e5c32b-de94-43d9-9b25-affaac073e29"},"spawnerName":null,"faction":{"value":null},"cooldowns":{},"trackedLocation":null,"changingTarget":false},"de5b3512-e45c-4d74-b9e9-cfa0550cf85a":{"uuid":"de5b3512-e45c-4d74-b9e9-cfa0550cf85a","mobType":"UrukHai","aliveTime":2792,"lastSeen":1681608047503,"spawnLocation":{"world":{"uuid":"eacb2abf-e0b5-471b-aed3-42f9d4695644","name":"world"},"x":607.1657677860477,"y":60.32935884170052,"z":847.3499999940395,"yaw":164.08862,"pitch":4.9792113},"variables":{"entries":{}},"displayName":null,"level":1.0,"globalCooldown":0,"stance":"default","lastSignal":"","playerKills":0,"owner":{"value":"0cefafb0-d6e7-4774-8779-d7d7066ae098"},"spawnerName":null,"faction":{"value":null},"cooldowns":{},"trackedLocation":null,"changingTarget":false},"95eb442e-6fcb-402e-ade1-ff2f5149cf98":{"uuid":"95eb442e-6fcb-402e-ade1-ff2f5149cf98","mobType":"UrukHai","aliveTime":8246,"lastSeen":1681604407910,"spawnLocation":{"world":{"uuid":"eacb2abf-e0b5-471b-aed3-42f9d4695644","name":"world"},"x":666.6500000059605,"y":60.0,"z":644.5712252125386,"yaw":170.57956,"pitch":15.024574},"variables":{"entries":{}},"displayName":null,"level":1.0,"globalCooldown":0,"stance":"default","lastSignal":"","playerKills":0,"owner":{"value":"2d77b08d-38a1-45d6-a111-5035317611a5"},"spawnerName":null,"faction":{"value":null},"cooldowns":{},"trackedLocation":null,"changingTarget":false},"0645c263-f96e-4857-b7dd-b63db16eb9ee":{"uuid":"0645c263-f96e-4857-b7dd-b63db16eb9ee","mobType":"GondorKnight","aliveTime":1122,"lastSeen":1681608047561,"spawnLocation":{"world":{"uuid":"eacb2abf-e0b5-471b-aed3-42f9d4695644","name":"world"},"x":621.2822170119325,"y":65.23301406106334,"z":841.3938300981475,"yaw":24.316406,"pitch":18.575993},"variables":{"entries":{}},"displayName":null,"level":1.0,"globalCooldown":0,"stance":"default","lastSignal":"","playerKills":0,"owner":{"value":null},"spawnerName":null,"faction":{"value":null},"cooldowns":{},"trackedLocation":null,"changingTarget":false}}}9-cfa0550cf85a":{"uuid":"de5b3512-e45c-4d74-b9e9-cfa0550cf85a","mobType":"UrukHai","aliveTime":2792,"lastSeen":1681608047503,"spawnLocation":{"world":{"uuid":"eacb2abf-e0b5-471b-aed3-42f9d4695644","name":"world"},"x":607.1657677860477,"y":60.32935884170052,"z":847.3499999940395,"yaw":164.08862,"pitch":4.9792113},"variables":{"entries":{}},"displayName":null,"level":1.0,"globalCooldown":0,"stance":"default","lastSignal":"","playerKills":0,"owner":{"value":"0cefafb0-d6e7-4774-8779-d7d7066ae098"},"spawnerName":null,"faction":{"value":null},"cooldowns":{},"trackedLocation":null,"changingTarget":false},"95eb442e-6fcb-402e-ade1-ff2f5149cf98":{"uuid":"95eb442e-6fcb-402e-ade1-ff2f5149cf98","mobType":"UrukHai","aliveTime":8246,"lastSeen":1681604407910,"spawnLocation":{"world":{"uuid":"eacb2abf-e0b5-471b-aed3-42f9d4695644","name":"world"},"x":666.6500000059605,"y":60.0,"z":644.5712252125386,"yaw":170.57956,"pitch":15.024574},"variables":{"entries":{}},"displayName":null,"level":1.0,"globalCooldown":0,"stance":"default","lastSignal":"","playerKills":0,"owner":{"value":"2d77b08d-38a1-45d6-a111-5035317611a5"},"spawnerName":null,"faction":{"value":null},"cooldowns":{},"trackedLocation":null,"changingTarget":false},"0645c263-f96e-4857-b7dd-b63db16eb9ee":{"uuid":"0645c263-f96e-4857-b7dd-b63db16eb9ee","mobType":"GondorKnight","aliveTime":1122,"lastSeen":1681608047561,"spawnLocation":{"world":{"uuid":"eacb2abf-e0b5-471b-aed3-42f9d4695644","name":"world"},"x":621.2822170119325,"y":65.23301406106334,"z":841.3938300981475,"yaw":24.316406,"pitch":18.575993},"variables":{"entries":{}},"displayName":null,"level":1.0,"globalCooldown":0,"stance":"default","lastSignal":"","playerKills":0,"owner":{"value":null},"spawnerName":null,"faction":{"value":null},"cooldowns":{},"trackedLocation":null,"changingTarget":false}}}